id,name,description,author
helmsmanship,Pilotage,"Ça chante quand tu pousses le mélange juste comme il faut, genre, [fredonnement]. Tout va bien dans l'univers, des étoiles jusqu'au plus profond de tes os. En sortant de quart, c'est comme si je venais de me réveiller. [rire] Les mots ne suffisent pas.","Projet d'Entretiens Nachiketa Quai, Ép.3"
combat_endurance,Endurance au Combat,"Par la calamité, le Quatorzième a enduré.
Par l'hégémonie, le Domain perdure.
Par le devoir, l'humanité perdurera.","Amiral Kali Molina, la Déclaration de l'Hégémonie, c49"
impact_mitigation,Atténuation d'Impact,"La manœuvre a produit un angle d'impact oblique, dissipant l'énergie cinétique de l'obus dans le revêtement en ferromousse. C'est le moment malencontreux du choc résultant qui a causé la fin tragique du Spacer York lors d'un transfert d'équipement lourd autrement routinier.","Escarmouche de Thulé du c120.03.08, RAA soumis par le Navarque Zhou"
damage_control,Contrôle des Avaries,"Ce qui est perdu est perdu. Laissez ces compartiments brûler, concentrez vos efforts sur ce qui nous fera tenir l'heure suivante.","Navarque Tethys, dernier discours à l'équipage du PLS Astelene Key"
field_modulation,Modulation de Champ,Rares sont ceux qui ont un talent pour ce que j'aime appeler l'« accord actif ». Je trouve que les musiciens font les meilleurs officiers de champ.,"Ardis Soloman, données divulguées soumises à l'algorithme de rédaction du COMSEC"
point_defense,Défense Rapprochée,"Moi, j'ai rien à faire de ces lasers et compagnie. Ça fait un sacré spectacle lumineux, c'est sûr, mais rien n'arrête les échos entrants comme le mur d'UA d'une bonne matrice Vulcain.","« Héros du Pont Inférieur », un feuilleton du HEGCOM"
target_analysis,Analyse de Cible,Un esprit humain assisté par machine est capable d'intuiter des solutions efficaces malgré des données de capteurs contradictoires et des directives tactiques opposées. L'ordinateur de visée seul ne pourra jamais véritablement remplacer un guerrier.,"« Du Combat Spatial, XXIIème éd. », bibliothèque du Groupe de Combat XIV du Domain "
ballistic_mastery,Maîtrise Balistique,"Qu'est-c'qui a stoppé l'complot Tri-Tach ? (Les canons !)
Qu'est-c'que l'vieux Ludd a oublié ? (Les canons !)
Qu'est-c'qu'on a qu'ils ont pas ? (Des gros, gros canons !)",chanson à boire de la Marine de l'Hégémonie
systems_expertise,Expertise des Systèmes,"Non, je ne pense pas que ce soit une contradiction. C'est un, euh, voyage spirituel. On est mis à l'épreuve. Et c'est comme on dit, le Diable est dans les détails.","« Les Fantassins de Ludd » holodoc, entretien avec un ingénieur Sentier"
missile_specialization,Spécialisation Missiles,Mes collègues n'apprécient pas leur fantaisie. On a tous ces petits vaisseaux avec lesquels on peut enfreindre toutes les règles parce qu'il n'y a pas besoin de survivre à l'atterrissage.,"Entretien de départ de K. Astraia, ancienne conceptrice d'armement, Forge Stellaire Culann"
tactical_drills,Exercices Tactiques,,
coordinated_maneuvers,Manoeuvres Coordonnées,"Commandant- contacts hostiles en approche rapide. Gros gabarits. Deux en vue. Non, trois. Plus encore... il y en a trop ! Lecture haute énergie. Contact dans six.","Archive audio du CIC du HSS Ceraon, récupérée le 189.09.13"
wolfpack_tactics,Tactiques de Meute,Une flotte qui agit d'un seul esprit transforme ces jolies formations tant chéries par les officiers d'état-major en une bête vautrée qui supplie qu'on lui tranche la gorge. Lâchez les chiens pour que nous redevenions des loups.,"Seigneur de Guerre Kanta, cité dans « Mon Année avec la Reine Pirate »"
crew_training,Formation d'Équipage,"Je connais ton genre. T'as signé le contrat avec de la terre sur tes bottes, tout prêt à jouer au spacer. T'as regardé trop d'holos de propagande de l'Hégémonie, pas vrai. Retiens bien ça : le courage n'est pas la compétence. Jouer les héros nous fera tous tuer. C'est le travail minutieux et méthodique qui fait le boulot.","Chaiya Mimas, division de flotte Tri-Tachyon, introduction à la formation"
fighter_uplink,Liaison Chasseurs,"Les pilotes de chasse tissent des légendes autour d'eux-mêmes, mais ils ne sont que la pointe d'une lance que je commande seul.","Commodore Jensulte de la Marine de l'Hégémonie, ~c82"
carrier_group,Groupe d'Astroporteurs,"Les stats nous disent qu'ils seront vaporisés dans un mur de DCA avant une demi-douzaine de missions, mais on veut quand même être comme eux. Une fois dans le cockpit, ils sont les seuls d'entre nous à avoir le contrôle sur leur propre destin.","Projet d'Entretiens Nachiketa Quai, Ép.4"
officer_training,Formation d'Officiers,"Ils ne sont peut-être qu'une « bande disparate de marchands, de contrebandiers et de pirates », mais si vous leur donnez quelque chose pour lequel se battre, je pense qu'ils pourraient vous surprendre.","Navarque Nurul Park, commentaire lors de l'intégration de la marine Cibolane"
officer_management,Gestion des Officiers,"La situation était sombre, alors j'ai promis aux capitaines mercenaires le double de prime de combat. Avec toutes les pertes, je n'ai eu à payer que la moitié d'entre eux. Ça s'est bien passé.","Carson Kang, DG de la division de flotte Valhalla, Tri-Tachyon"
best_of_the_best,L'Élite,"Ce que nous avons, Artemisia, c'est quelque chose qui ne peut s'acheter.",Orcus Rao lors des négociations mettant fin à la Seconde Guerre IA (apocryphe)
support_doctrine,Doctrine de Soutien,"Tous les cadets n'ont pas de talent, de compétence, ni même deux neurones à frotter l'un contre l'autre, mais par l'enfer et les radiations, ils obtiendront leur diplôme avec de la discipline.","commentaire non attribué du personnel de l'Académie Coatl, archives du COMSEC"
force_concentration,Concentration de Forces,"Quand j'offrirai la victoire au moment et au lieu de mon choix, l'histoire m'absoudra du sacrifice d'une planète ou deux.","Amiral de Flotte Andrada, discours à l'Assemblée Stratégique de l'Hégémonie "
navigation,,"Passez assez de temps ici et ça devient une seconde nature. C'est comme ça que je me déplace quand je rêve. Tout le monde n'y arrive pas. Beaucoup, si.","Projet d'Entretiens Nachiketa Quai, Ép.2"
sensors,Senseurs,"Je te vois, petit poisson !","Tampon comm de l'ISS Green Flash, récupéré en orbite de Beta Zuma B"
gunnery_implants,Implants de Tir,"Avec le temps, la réalité augmentée présentée par les implants peut devenir difficile à distinguer de la perception sensorielle normale. L'officier psy devra régulièrement vérifier chez les artilleurs les signes de Trouble Dissociatif d'Augmentation selon les critères suivants...",Un Nouveau Cadre de Commandement : Manuel pour les Officiers de l'Hégémonie
energy_weapon_mastery,Maîtrise des Armes à Énergie,"L'œil d'un ange fut trouvé dans les recoins, caché là par un Dieu miséricordieux aux premiers instants de la création. Ainsi ses secrets furent révélés aux ignorants et aux cruels pour déchaîner une terrible colère ardente. Nous nous lamentons.",Textes Sacrés de Ludd
electronic_warfare,Guerre Électronique,,
flux_regulation,Régulation de Flux,"AVERTISSEMENT : En modifiant ces paramètres, l'utilisateur décharge la Corporation Tri-Tachyon de toute responsabilité pour tout dommage matériel, blessure, décès, ou tout autre effet ou effets spatio-temporels anormaux en résultant. Souhaitez-vous continuer ?","Corporation Tri-Tachyon, licence standard"
cybernetic_augmentation,Augmentation Cybernétique,N'écoutez pas ces crypto-Luddiques larmoyants du comité d'éthique ; le taux de rejet est loin de ce que les rumeurs laissent entendre.,"« Docteur » Wyatt Cydonia (alias), interception COMSEC"
phase_corps,Calibrage des Bobines de Phase,"Tri-Tachyon force chaque jour l'ouverture de la sainte création, et à chaque profanation notre damnation collective se rapproche. Notre voie est le fardeau ; notre voie est la souffrance. Nous les affronterons avec la foi que la seule rédemption est le jugement dernier.","Livewell Cotton, terroriste de la Voie Luddique, sermon du c205.2.12"
special_modifications,Modifications Spéciales,"Les gens du Domain, oh, ils concevaient pour durer, c'est vrai. Mais avec tout ce confort, on voit bien qu'ils avaient peur de vraiment pousser ces engins à leurs limites.","Luna Hexagen, ingénieure indépendante, cité d'Agreus"
neural_link,Lien Neural,Pourquoi un capitaine devrait-il sombrer avec son vaisseau ? La corporation Tri-Tachyon ne gaspille pas les meilleurs talents.,"VP Opérations Nereid De Jong lors de la cérémonie de dévoilement du « Projet Heket »"
automated_ships,Vaisseaux Automatisés,,COMSEC de l'Hégémonie
bulk_transport,Transport en Masse,"On ne peut pas plus échapper à l'économie qu'à la gravité. Elle nous entoure, nous contient, nous élève. Elle a lié la galaxie une fois, et le fera à nouveau.","Artemisia Sun, Rapport Annuel c203"
salvaging,Récupération,"Ça me donne l'impression d'être tout petit, comme si on était de la vermine pillant les cités d'anges déchus.
Ça me rend aussi riche.","Zion Hurst, compagnon de la Guilde de Récupération Asher"
field_repairs,Réparations de Terrain,Il n'y a personne dans un rayon de vingt années-lumière qui n'ait des tibias croisés gravés sur la coque. Nous n'avons que notre savoir-faire et ce que nous trouverons dans ce champ de débris pour nous sortir de là.,"Callisto Ibrahim, journal d'expédition c202.10.15"
ordnance_expert,Expertise en Armement,Les faibles craignent la puissance spirituelle de la machine à tuer. Les forts reconnaissent instinctivement sa beauté.,Citations du Suprême Exécuteur
polarized_armor,Blindage Polarisé,"Les manuels d'avant l'Effondrement disent de ne jamais faire ça. ... Non, je ne sais pas. Pas eu de problème jusqu'ici.","chef mécanicienne Kasi Thea-Radiative, entretien en holocam cachée"
containment_procedures,Procédures de Confinement,"Vérifie chaque joint trois fois pour de vrai, que la Mort ne vienne pas te chercher.",Tradition spacer
makeshift_equipment,Équipement de Fortune,Je suppose qu'on a laissé les pièces de rechange en orbite. Ça ira ... [grésillements] ... regardez.,"transcription de sauvegarde audio, Jericho Wheeler, chef d'expédition ""H""-team"
industrial_planning,Planification Industrielle,"Un monde stérile mais prometteur, bien situé pour devenir le centre culturel et industriel de Magec. Les modèles SIE prévoient un investissement massif dans l'exploitation des ressources du Disque de Guayotas.","Mémo de développement stratégique Tri-Tachyon, pré-Effondrement"
derelict_contingent,Opérations d'Épaves,"Ils pensent qu'on est des déchets, les cadres et les amiraux dans leurs vaisseaux rutilants. Ils nous ont jetés dès que ça a tourné au vinaigre. Mais c'est sur nous que le Secteur a été bâti et c'est nous qui les abattrons.","agitateur pirate anonyme, flux de surveillance HEGINT "
hull_restoration,Restauration de Coques,Il n'y a pas de coque qu'un vrai spacer ne puisse appeler chez soi.,"Sol Secondshift, récupérateur vétéran"
omega_ecm,GE Oméga,,
hypercognition,,"Une machine sans limites à laquelle chaque donnée, chaque pensée humaine est fournie pour combiner et recombiner en variantes innombrables. Demandez, et une réponse appropriée est produite.
Pourtant, je ne suis pas convaincu qu'être trompé prouve une proposition aussi grandiose.","« La Longue Route vers Gilead » par Anonyme"
space_operations,Opérations Spatiales,Les mêmes étoiles sont visibles dans le ciel de chaque monde.,Charte fondatrice de la Ligue Perséenne
planetary_operations,Opérations Terrestres,"La boue ? Ça ne me dérange pas. Les spacers se plaignent toujours de la boue.
C'est le sang que je ne supporte pas.","Griffin Sweet, fusilier marin mercenaire"
colony_management,Gestion de Colonie,"Là où il y a la vie, c'est le trône de Dieu, et tout ce qui est bon peut s'y trouver.",Textes Sacrés de Ludd
strike_commander,Commandant de Frappe,Vous volerez et ce sera une tempête comme ils n'en ont jamais connu. Vous êtes la foudre venue fendre le ciel lui-même !,"Navarque Mars Kato, discours aux équipages de bombardiers du Sirocco
"
ranged_specialization,Spécialisation à Distance,"Vous voyez cette solution de tir ? Elle va faire surréagir les algorithmes défensifs au pire moment. Le piège, c'est qu'ils doivent la voir venir.","Maître Cameron Fourth-Phobos, instructeur affecté au champ de tir Coatl"
shield_modulation,Modulation de Bouclier,Rares sont ceux qui ont un talent pour ce que j'aime appeler l'« accord actif ». Je trouve que les musiciens font les meilleurs officiers de bouclier.,"Ardis Soloman, données divulguées soumises à l'algorithme de rédaction du COMSEC"
phase_mastery,Maîtrise de Phase,"Je ne remonte pas sur ce vaisseau, jamais de la vie.","Journal de cour martiale, [EXPURGÉ], daté ~c196 ?"
reliability_engineering,Fiabilité Mécanique,"À la fin, par le temps et les rads, mon corps mourra. Mes camarades me rendront aux étoiles qui m'ont créé, et mon vaisseau continuera.",Tradition spacer
weapon_drills,Exercices de Tir,"Qu'est-c'qui a stoppé l'complot Tri-Tach ? (Les canons !)
Qu'est-c'que l'vieux Ludd a oublié ? (Les canons !)
Qu'est-c'qu'on a qu'ils ont pas ? (Des gros, gros canons !)",chanson à boire de la Marine de l'Hégémonie
auxiliary_support,Soutien Auxiliaire,Pas de réserves ? Regardez autour de vous ! Il y a un millier de vaisseaux spatiaux dans les docks civils et un milliard de citoyens dans les arcologies. Nous n'avons qu'à ouvrir les stocks et leur donner des armes avant que l'invasion n'arrive.,Baikal Daud lors de la Défense de Chicomoztoc
