skinHullId,descriptionPrefix
afflictor_d_pirates,"Après la Seconde Guerre de l'IA, de nombreux plans corrompus sont devenus disponibles, récupérés par des récupérateurs prêts à risquer les systèmes stellaires abandonnés par Tri-Tachyon. Beaucoup ont été vendus à des éléments peu recommandables tels que des marchands noirs et des pirates, qui les ont rapidement remis en service pour produire des vaisseaux de qualité médiocre mais aptes au combat."
brawler_LG,"Modifié pour les opérations dans le système Askonia sur ordre de l'Exécuteur Suprême Philip Andrada, cette coque intègre un blindage solaire ainsi qu'un revêtement interne particulier fourni par un conglomérat industriel de Sindria même. Que le concepteur en chef, nommé par l'Exécuteur Suprême pour ses nombreux cycles de loyal service, siège au conseil de ce conglomérat n'est qu'un exemple de l'unité et de l'efficacité de la Politique Sindrienne."
brawler_pather,"Les fanatiques de la Voie Luddique se sont approprié ce vaisseau, éliminant tout aménagement superflu pour le transformer en véhicule improvisé de guerre sainte."
brawler_tritachyon,"Ce vaisseau a été entièrement révisé par la corporation Tri-Tachyon. Des correctifs logiciels conformes Tri-Tachyon ont été installés, pleinement intégrés aux protocoles de surveillance d'état TriPad (R), des conduits de flux haute spécification ont été améliorés, et les points d'attache d'armes ont été reconditionnés pour le montage d'armes à énergie avancées."
buffalo_d,"Des vaisseaux qui auraient été décommissionés en temps plus calmes sont désormais largement utilisés à travers le Secteur. La désignation de coque de ces vaisseaux est généralement marquée d'un ""D"", pour ""damaged"" (endommagé) ou ""defective"" (défectueux)."
buffalo_hegemony,"Ce vaisseau figure sur la liste auxiliaire de l'Hegemony et, à ce titre, ses systèmes ont été mis aux normes militaires et un calendrier rigoureux de maintenance est imposé, dans l'attente qu'il puisse être réquisitionné pour le service militaire en cas d'urgence."
buffalo_luddic_church,Ce vaisseau a reçu les marquages de l'Église de Ludd. Les modifications de systèmes sont par ailleurs superficielles.
buffalo_pirates,Ce vaisseau a été lourdement modifié — et mal entretenu — par son équipage pirate.
buffalo_tritachyon,Ce vaisseau a reçu les marquages Tri-Tachyon. Les modifications de systèmes sont par ailleurs superficielles.
centurion_LG,"Modifié pour les opérations dans le système Askonia sur ordre de l'Exécuteur Suprême Philip Andrada, cette coque intègre un blindage solaire ainsi qu'un revêtement interne particulier fourni par un conglomérat industriel de Sindria même. Que le concepteur en chef, nommé par l'Exécuteur Suprême pour ses nombreux cycles de loyal service, siège au conseil de ce conglomérat n'est qu'un exemple de l'unité et de l'efficacité de la Politique Sindrienne."
cerberus_d,"Des vaisseaux qui auraient été décommissionés en temps plus calmes sont désormais largement utilisés à travers le Secteur. La désignation de coque de ces vaisseaux est généralement marquée d'un ""D"", pour ""damaged"" (endommagé) ou ""defective"" (défectueux)."
cerberus_d_pirates,Ce vaisseau a été lourdement modifié — et mal entretenu — par son équipage pirate.
cerberus_luddic_path,"Les fanatiques de la Voie Luddique se sont approprié ce vaisseau, éliminant tout aménagement superflu pour le transformer en véhicule improvisé de guerre sainte."
dominator_d,"Des vaisseaux qui auraient été décommissionés en temps plus calmes sont désormais largement utilisés à travers le Secteur. La désignation de coque de ces vaisseaux est généralement marquée d'un ""D"", pour ""damaged"" (endommagé) ou ""defective"" (défectueux)."
dominator_xiv,"Construit selon les spécifications du 14e Groupe de Bataille du Domaine qui a fondé l'Hegemony, ce vaisseau est un parfait exemple de la doctrine de « bataille décisive » de la Marine du Domaine, particulièrement illustrée par une série de modifications structurelles radicales réalisées avec une technologie industrielle pré-Effondrement."
eagle_LG,"Modifié pour les opérations dans le système Askonia sur ordre de l'Exécuteur Suprême Philip Andrada, cette coque intègre un blindage solaire ainsi qu'un revêtement interne particulier fourni par un conglomérat industriel de Sindria même. Que le concepteur en chef, nommé par l'Exécuteur Suprême pour ses nombreux cycles de loyal service, siège au conseil de ce conglomérat n'est qu'un exemple de l'unité et de l'efficacité de la Politique Sindrienne."
eagle_d,"Des vaisseaux qui auraient été décommissionés en temps plus calmes sont désormais largement utilisés à travers le Secteur. La désignation de coque de ces vaisseaux est généralement marquée d'un ""D"", pour ""damaged"" (endommagé) ou ""defective"" (défectueux)."
eagle_xiv,"Construit selon les spécifications du 14e Groupe de Bataille du Domaine qui a fondé l'Hegemony, ce vaisseau est un parfait exemple de la doctrine de « bataille décisive » de la Marine du Domaine, particulièrement illustrée par une série de modifications structurelles radicales réalisées avec une technologie industrielle pré-Effondrement."
enforcer_d,"Des vaisseaux qui auraient été décommissionés en temps plus calmes sont désormais largement utilisés à travers le Secteur. La désignation de coque de ces vaisseaux est généralement marquée d'un ""D"", pour ""damaged"" (endommagé) ou ""defective"" (défectueux)."
enforcer_d_pirates,Ce vaisseau a été lourdement modifié — et mal entretenu — par son équipage pirate.
enforcer_xiv,"Construit selon les spécifications du 14e Groupe de Bataille du Domaine qui a fondé l'Hegemony, ce vaisseau est un parfait exemple de la doctrine de « bataille décisive » de la Marine du Domaine, particulièrement illustrée par une série de modifications structurelles radicales réalisées avec une technologie industrielle pré-Effondrement."
eradicator_pirates,Ce vaisseau a été lourdement modifié — et mal entretenu — par son équipage pirate.
falcon_LG,"Modifié pour les opérations dans le système Askonia sur ordre de l'Exécuteur Suprême Philip Andrada, cette coque intègre un blindage solaire ainsi qu'un revêtement interne particulier fourni par un conglomérat industriel de Sindria même. Que le concepteur en chef, nommé par l'Exécuteur Suprême pour ses nombreux cycles de loyal service, siège au conseil de ce conglomérat n'est qu'un exemple de l'unité et de l'efficacité de la Politique Sindrienne."
falcon_d,"Des vaisseaux qui auraient été décommissionés en temps plus calmes sont désormais largement utilisés à travers le Secteur. La désignation de coque de ces vaisseaux est généralement marquée d'un ""D"", pour ""damaged"" (endommagé) ou ""defective"" (défectueux)."
falcon_p,"Le système de propulsion de ce Falcon a reçu des « améliorations » impraticables mais voyantes de la part d'un équipage pirate enthousiaste ; l'assemblage hétéroclite de composants moteurs, tant bien que mal convaincus de fonctionner ensemble, ne respecte aucune norme de sécurité."
falcon_xiv,"Construit selon les spécifications du 14e Groupe de Bataille du Domaine qui a fondé l'Hegemony, ce vaisseau est un parfait exemple de la doctrine de « bataille décisive » de la Marine du Domaine, particulièrement illustrée par une série de modifications structurelles radicales réalisées avec une technologie industrielle pré-Effondrement."
gremlin_d_pirates,Ce vaisseau a été lourdement modifié — et mal entretenu — par son équipage pirate.
gremlin_luddic_path,"Les fanatiques de la Voie Luddique se sont approprié ce vaisseau, éliminant tout aménagement superflu pour le transformer en véhicule improvisé de guerre sainte."
hammerhead_LG,"Modifié pour les opérations dans le système Askonia sur ordre de l'Exécuteur Suprême Philip Andrada, cette coque intègre un blindage solaire ainsi qu'un revêtement interne particulier fourni par un conglomérat industriel de Sindria même. Que le concepteur en chef, nommé par l'Exécuteur Suprême pour ses nombreux cycles de loyal service, siège au conseil de ce conglomérat n'est qu'un exemple de l'unité et de l'efficacité de la Politique Sindrienne."
hammerhead_d,"Des vaisseaux qui auraient été décommissionés en temps plus calmes sont désormais largement utilisés à travers le Secteur. La désignation de coque de ces vaisseaux est généralement marquée d'un ""D"", pour ""damaged"" (endommagé) ou ""defective"" (défectueux)."
hermes_d,"Des vaisseaux qui auraient été décommissionés en temps plus calmes sont désormais largement utilisés à travers le Secteur. La désignation de coque de ces vaisseaux est généralement marquée d'un ""D"", pour ""damaged"" (endommagé) ou ""defective"" (défectueux)."
hound_d,"Des vaisseaux qui auraient été décommissionés en temps plus calmes sont désormais largement utilisés à travers le Secteur. La désignation de coque de ces vaisseaux est généralement marquée d'un ""D"", pour ""damaged"" (endommagé) ou ""defective"" (défectueux)."
hound_d_pirates,Ce vaisseau a été lourdement modifié — et mal entretenu — par son équipage pirate.
hound_hegemony,"Ce vaisseau figure sur la liste auxiliaire de l'Hegemony et, à ce titre, ses systèmes ont été mis aux normes militaires et un calendrier rigoureux de maintenance est imposé, dans l'attente qu'il puisse être réquisitionné pour le service militaire en cas d'urgence."
hound_luddic_church,Ce vaisseau a reçu les marquages de l'Église de Ludd. Les modifications de systèmes sont par ailleurs superficielles.
hound_luddic_path,"Les fanatiques de la Voie Luddique se sont approprié ce vaisseau, éliminant toute fioriture superflue pour le transformer en véhicule improvisé de guerre sainte."
kite_d,"Des vaisseaux qui auraient été décommissionés en temps plus calmes sont désormais largement utilisés à travers le Secteur. La désignation de coque de ces vaisseaux est généralement marquée d'un ""D"", pour ""damaged"" (endommagé) ou ""defective"" (défectueux)."
kite_hegemony,"Ce vaisseau figure sur la liste auxiliaire de l'Hegemony et, à ce titre, ses systèmes ont été mis aux normes militaires et un calendrier rigoureux de maintenance est imposé, dans l'attente qu'il puisse être réquisitionné pour le service militaire en cas d'urgence."
kite_luddic_path,"Les fanatiques de la Voie Luddique se sont approprié ce vaisseau, éliminant tout aménagement superflu pour le transformer en véhicule improvisé de guerre sainte."
kite_original,"Un modèle civil d'origine non modifié en parfait état de stock, ce vaisseau est une pièce de collection d'une époque plus civilisée."
kite_pirates,Ce vaisseau a été lourdement modifié — et mal entretenu — par son équipage pirate.
lasher_d,"Des vaisseaux qui auraient été décommissionés en temps plus calmes sont désormais largement utilisés à travers le Secteur. La désignation de coque de ces vaisseaux est généralement marquée d'un ""D"", pour ""damaged"" (endommagé) ou ""defective"" (défectueux)."
lasher_luddic_church,Ce vaisseau a reçu les marquages de l'Église de Ludd. Les modifications de systèmes sont par ailleurs superficielles.
lasher_pather,"Les fanatiques de la Voie Luddique se sont approprié ce vaisseau, éliminant tout aménagement superflu pour le transformer en véhicule improvisé de guerre sainte."
legion_xiv,"Construit selon les spécifications du 14e Groupe de Bataille du Domaine qui a fondé l'Hegemony, ce vaisseau est un parfait exemple de la doctrine de « bataille décisive » de la Marine du Domaine, particulièrement illustrée par une série de modifications structurelles radicales réalisées avec une technologie industrielle pré-Effondrement."
manticore_luddic_path,"Les fanatiques de la Voie Luddique ont grossièrement modifié ce vaisseau, surchargeant les moteurs et les systèmes d'alimentation puis remplaçant la tourelle balistique d'origine par un lance-missiles massif, afin de mieux exécuter des frappes alpha audacieuses contre les vaisseaux capitaux et les croiseurs."
manticore_pirates,Ce vaisseau a été lourdement modifié — et mal entretenu — par son équipage pirate.
mercury_d,"Des vaisseaux qui auraient été décommissionés en temps plus calmes sont désormais largement utilisés à travers le Secteur. La désignation de coque de ces vaisseaux est généralement marquée d'un ""D"", pour ""damaged"" (endommagé) ou ""defective"" (défectueux)."
module_hightech_attack_minelayer,Amélioré avec un système de téléportation de mines.
mudskipper2,"Une série de modifications malavisées ont été apportées pour militariser cette coque normalement inoffensive. Qu'elle soit plus dangereuse pour son équipage ou ses ennemis reste un sujet de débat dans les bars des quais, mais ces modifications sont souvent prisées par les pirates cherchant à créer l'impression d'une puissance de feu écrasante."
mule_d,"Des vaisseaux qui auraient été décommissionés en temps plus calmes sont désormais largement utilisés à travers le Secteur. La désignation de coque de ces vaisseaux est généralement marquée d'un ""D"", pour ""damaged"" (endommagé) ou ""defective"" (défectueux)."
mule_d_pirates,Ce vaisseau a été lourdement modifié — et mal entretenu — par son équipage pirate.
onslaught_xiv,"Construit selon les spécifications du 14e Groupe de Bataille du Domaine qui a fondé l'Hegemony, ce vaisseau est un parfait exemple de la doctrine de « bataille décisive » de la Marine du Domaine, particulièrement illustrée par une série de modifications structurelles radicales réalisées avec une technologie industrielle pré-Effondrement."
shade_d_pirates,"Après la Seconde Guerre de l'IA, de nombreux plans corrompus sont devenus disponibles, récupérés par des récupérateurs prêts à risquer les systèmes stellaires abandonnés par Tri-Tachyon. Beaucoup ont été vendus à des éléments peu recommandables tels que des marchands noirs et des pirates, qui les ont rapidement remis en service pour produire des vaisseaux de qualité médiocre mais aptes au combat."
shrike_pirates,Ce vaisseau a été lourdement modifié — et mal entretenu — par son équipage pirate.
sunder_LG,"Modifié pour les opérations dans le système Askonia sur ordre de l'Exécuteur Suprême Philip Andrada, cette coque intègre un blindage solaire ainsi qu'un revêtement interne particulier fourni par un conglomérat industriel de Sindria même. Que le concepteur en chef, nommé par l'Exécuteur Suprême pour ses nombreux cycles de loyal service, siège au conseil de ce conglomérat n'est qu'un exemple de l'unité et de l'efficacité de la Politique Sindrienne."
sunder_d,"Des vaisseaux qui auraient été décommissionés en temps plus calmes sont désormais largement utilisés à travers le Secteur. La désignation de coque de ces vaisseaux est généralement marquée d'un ""D"", pour ""damaged"" (endommagé) ou ""defective"" (défectueux)."
talon_tritachyon,"Ce vaisseau a été entièrement révisé par la corporation Tri-Tachyon. Des correctifs logiciels conformes Tri-Tachyon ont été installés, pleinement intégrés aux protocoles de surveillance d'état TriPad (R), des conduits de flux haute spécification ont été améliorés, et les points d'attache d'armes ont été reconditionnés pour le montage d'armes à énergie avancées."
tarsus_d,"Des vaisseaux qui auraient été décommissionés en temps plus calmes sont désormais largement utilisés à travers le Secteur. La désignation de coque de ces vaisseaux est généralement marquée d'un ""D"", pour ""damaged"" (endommagé) ou ""defective"" (défectueux)."
vanguard_pirates,Ce vaisseau a été lourdement modifié — et mal entretenu — par son équipage pirate.
venture_p,"Une série de modifications ambitieuses ont été apportées à ce Venture dans quelque chantier naval obscur de la bordure extérieure. L'espace hangar et les soutes à minerai ont été remplacés par un point d'ancrage capable de monter un énorme lance-missiles, un stockage de munitions et un système de chargement automatique générique globalement fiable. Le fait que ce lance-missiles soit orienté vers l'arrière a inspiré un grand nombre de surnoms colorés pour cette variante de coque, tant par l'équipage que par l'ennemi."
venture_pather,"Les fanatiques de la Voie Luddique se sont approprié ce vaisseau, éliminant tout aménagement superflu pour le transformer en véhicule improvisé de guerre sainte."
wolf_d,"Des vaisseaux qui auraient été décommissionés en temps plus calmes sont désormais largement utilisés à travers le Secteur. La désignation de coque de ces vaisseaux est généralement marquée d'un ""D"", pour ""damaged"" (endommagé) ou ""defective"" (défectueux)."
wolf_d_pirates,Ce vaisseau a été lourdement modifié — et mal entretenu — par son équipage pirate.
wolf_hegemony,Ce vaisseau a reçu les marquages de l'Hegemony. Les modifications de systèmes sont par ailleurs superficielles.
