id,name,accuracyStr,customPrimary,customPrimaryHL,customAncillary
lightmg,Mitrailleuse Légère,,,,
lightdualmg,Double Mitrailleuse Légère,,,,
lightmortar,Mortier Léger,,,,
lightmortar_fighter,#Light Mortar (High Delay),,,,
vulcan,Canon Vulcain,,,,
lightac,Autocanon Léger,,,,
lightdualac,Double Autocanon Léger,,,,
lightag,Canon d'Assaut Léger,,,,
fragbomb,Mine de Proximité Classe Stinger,,,,
clusterbomb,Soute à Bombes à Sous-munitions,,,,
bomb,Soute à Bombes Standard,,,,
lightneedler,Aiguilleur Léger,,,,
heavymg,Mitrailleuse Lourde,,,,
heavymortar,Mortier Lourd,,,,
flak,Canon Flak,,,,
arbalest,Autocanon Arbalète,,,,
dualflak,Double Canon Flak,,,,
chaingun,Gatling d'Assaut,,,,
heavymauler,Dévastateur Lourd,,,,
heavyac,Autocanon Lourd,,,,
hveldriver,Propulseur Hypervéloce,,,,
heavyneedler,Aiguilleur Lourd,,,,
gauss,Canon de Gauss,,,,
hephag,Canon d'Assaut Héphaïstos,,,,
mark9,Autocanon Mark IX,,,,
devastator,Canon Dévastateur,,"Chaque obus a une fusée réglée pour exploser à une distance aléatoire, résultant en un barrage de plus en plus meurtrier à courte portée.

Ciblera les missiles si aucune autre cible n'est à portée.",,
mjolnir,Canon Mjolnir,,,,
hellbore,Canon Hellbore,,,,
multineedler,Aiguilleur Tempête,,,,
reaper,Torpille Classe Reaper,,,,
atropos,Râtelier de Torpilles Classe Atropos,,,,
atropos_single,Torpille Classe Atropos (Simple),,,,
hammer,Torpille Classe Hammer,,,,
hammer_single,Torpille Classe Hammer (Simple),,,,
swarmer,Lance-SRM Essaim,,,,
swarmer_fighter,Lance-SRM Essaim,,,,
annihilator,Lance-roquettes Annihilateur,,,,
annihilator_fighter,Pod de Roquettes Annihilateur,,,,
heatseeker,MRM Salamandre,,,,
harpoon,MRM Harpon,,,,
harpoon_single,MRM Harpon (Double),,,,
breach,SRM de Brèche,,Chaque missile inflige %s dégâts supplémentaires au blindage. Ces dégâts ne sont pas réduits par le blindage.,,
sabot,,,"Les impacts de sous-munitions sur la coque ou le blindage ont %s de chance de produire un arc vers les armes et moteurs, infligeant %s dégâts IEM.",,
sabot_single,,,"Les impacts de sous-munitions sur la coque ou le blindage ont %s de chance de produire un arc vers les armes et moteurs, infligeant %s dégâts IEM.",,
sabot_fighter,Sabot SRM (Single),,"Les impacts de sous-munitions sur la coque ou le blindage ont %s de chance de produire un arc vers les armes et moteurs, infligeant %s dégâts IEM.",,
gorgon,SRM DEM Gorgon,,"Le missile tire un laser haute puissance lorsqu'il s'approche de la cible, infligeant environ %s dégâts énergétiques en une courte rafale. Ces dégâts sont affectés par les modificateurs de dégâts de missiles et non ceux des armes à énergie.",,
gorgon_payload,Gorgon - Charge,,,,
gazer,SRM DEM Gazer,,"Le missile tire un rayon gravitonique sur la cible, infligeant environ %s dégâts cinétiques sur une durée de %s secondes. Ces dégâts sont affectés par les modificateurs de dégâts de missiles et non ceux des armes à énergie.",,
gazer_payload,Gazer - Charge,,,,
harpoonpod,Pod MRM Harpon,,,,
dragon,Torpille DEM Dragonfire,,"Le missile tire un laser haute puissance lorsqu'il s'approche de la cible, infligeant environ %s dégâts énergétiques en une courte rafale. Ces dégâts sont affectés par les modificateurs de dégâts de missiles et non ceux des armes à énergie.",,
dragon_payload,Dragonfire - Charge,,,,
gorgonpod,Pod SRM Gorgon,,"Chaque missile tire un laser haute puissance lorsqu'il s'approche de la cible, infligeant environ %s dégâts énergétiques en une courte rafale. Ces dégâts sont affectés par les modificateurs de dégâts de missiles et non ceux des armes à énergie.",,
gazerpod,Pod SRM Gazer,,"Chaque missile tire un rayon gravitonique sur la cible, infligeant environ %s dégâts cinétiques sur une durée de %s secondes. Ces dégâts sont affectés par les modificateurs de dégâts de missiles et non ceux des armes à énergie.",,
breachpod,Pod SRM de Brèche,,Chaque missile inflige %s dégâts supplémentaires au blindage. Ces dégâts ne sont pas réduits par le blindage.,,
sabotpod,Pod SRM Sabot,,"Les impacts de sous-munitions sur la coque ou le blindage ont %s de chance de produire un arc vers les armes et moteurs, infligeant %s dégâts IEM.",,
salamanderpod,Pod MRM Salamandre,,,,
annihilatorpod,Pod de Roquettes Annihilateur,,,,
pilum,Lance-LRM Pilum,,"Les impacts du second étage sur les boucliers ont une chance de produire un arc traversant vers les armes et moteurs, infligeant %s dégâts IEM. La chance de percer les boucliers dépend du niveau de flux solide de la cible.",,
phasecl,Lanceur de Charges de Proximité,,"Non affecté par les modificateurs de vitesse, d'accélération et de durée de vol des missiles.",,
phasecl_bomber,Lanceur de Charges de Proximité,,,,
typhoon,Lance-Reaper Typhon,,,,
cyclone,Lance-Reaper Cyclone,,Un système de propulsion accélère la torpille à sa vitesse maximale avant qu'elle ne quitte le tube de lancement.,,
pilum_large,Catapulte LRM Pilum,,"Les impacts du second étage sur les boucliers ont une chance de produire un arc traversant vers les armes et moteurs, infligeant %s dégâts IEM. La chance de percer les boucliers dépend du niveau de flux solide de la cible.",,
hurricane,Lance-MIRV Ouragan,,,,
dragonpod,Pod de Torpilles Dragonfire,,"Le missile tire un laser haute puissance lorsqu'il s'approche de la cible, infligeant environ %s dégâts énergétiques en une courte rafale. Ces dégâts sont affectés par les modificateurs de dégâts de missiles et non ceux des armes à énergie.",,
hydra,Lance-MDEM Hydra,,Le missile se divise en %s sous-munitions qui tentent de contourner la cible. Chacune tire ensuite un laser haute puissance infligeant environ %s dégâts énergétiques en une courte rafale. Ces dégâts sont affectés par les modificateurs de dégâts de missiles et non ceux des armes à énergie.,,
hydra_payload,Hydra - Charge,,,,
squall,MLRS Bourrasque,,"Non guidé après une brève phase de visée initiale. Lors d'un impact sur les boucliers, une unité de résonance s'active pour augmenter les dégâts de base de %s.",,
locust,Lance-SRM Locuste,,,,
hammerrack,Barrage Hammer,,,,
mininglaser,Laser Minier,,,,
pdlaser,Laser DP,,,,
taclaser,Laser Tactique,,,,
ioncannon,Canon Ionique,,"Les impacts sur la coque ou le blindage ont %s de chance de produire un arc vers les armes et moteurs, infligeant des dégâts supplémentaires égaux à l'impact original.",,
ioncannon_fighter,Canon Ionique (Délai Long),,"Les impacts sur la coque ou le blindage ont %s de chance de produire un arc vers les armes et moteurs, infligeant des dégâts supplémentaires égaux à l'impact original.",,
irpulse,Laser à Impulsions IR,,,,
irpulse_fighter,Laser à Impulsions IR (Délai Long),,,,
lrpdlaser,Laser DP Longue Portée,,,,
pdburst,Laser DP à Salve,,,,
pdburst_fighter,Laser DP à Salve (Délai Long),,,,
amblaster,Blaster à Antimatière,,,,
phasebeam,Lance Phase,,,,
gravitonbeam,Rayon Graviton,,"Perturbe les boucliers, augmentant tous les dégâts de bouclier subis de %s pour un rayon graviton à pleine puissance, %s pour deux, et %s pour trois ou plus frappant les boucliers simultanément.",,Les effets gravitiques ralentissent et dévient la cible de sa trajectoire. L'effet est mineur et se remarque surtout contre les chasseurs et les missiles.
irautolance,Autolance IR,,,,
pulselaser,Laser à Impulsions,,,,
miningblaster,Blaster Minier,,Chaque tir inflige %s dégâts supplémentaires au blindage. Ces dégâts ne sont pas réduits par le blindage.,,
heavyblaster,Blaster Lourd,,,,
kineticblaster,Blaster Cinétique,,,,
heavyburst,Laser à Salve Lourd,,,,
ionpulser,Pulseur Ionique,,"Les impacts sur la coque ou le blindage ont %s de chance de produire un arc vers les armes et moteurs, infligeant des dégâts supplémentaires égaux à l'impact original.",,
ionbeam,Rayon Ionique,,"Les impacts sur la coque ou le blindage produisent périodiquement un arc vers les armes et moteurs, infligeant des dégâts IEM et énergétiques supplémentaires. Les impacts sur les boucliers ont une chance de générer un arc pénétrant les boucliers en fonction du niveau de flux dur de la cible.",,
plasma,Canon à Plasma,,Le système de visée est incapable de suivre les chasseurs en contrôle local/automatique.,,
hil,Laser Haute Intensité,,,,
autopulse,Laser Autopulse,,,,
guardian,Système DP Paladin,,"Lorsque tous les sous-faisceaux impactent une cible en étroite proximité les uns des autres, l'effet d'écaillage produit une explosion infligeant jusqu'à 100 points de dégâts de fragmentation aux cibles proches.",,
tachyonlance,Lance à Tachyons,,"Les impacts sur la coque ou le blindage produisent fréquemment un arc vers les armes et moteurs, infligeant des dégâts IEM et énergétiques supplémentaires. Les impacts sur les boucliers ont une chance de générer un arc pénétrant les boucliers en fonction du niveau de flux dur de la cible.",,
gigacannon,Gigacanon,,,,
minipulser,Minipulseur,,,,
shockrepeater,Répéteur de Choc,,Tire un arc IEM sur la cible la plus proche dans l'axe de l'arme. L'arc touche toujours.,,
riftlance,Lance de Faille,,,,
riftlance_minelayer,Mouilleur de Mines Lance de Faille,,,,
riftbeam,Rayon de Faille,,"Crée des failles spatio-temporelles le long du faisceau, ciblant les missiles et chasseurs ennemis à proximité. Chaque faille inflige jusqu'à %s dégâts énergétiques aux cibles proches.",,
riftbeam_minelayer,Mouilleur de Mines à Rayon de Faille,,,,
cryoflux,Cryolanceur,,,,
disintegrator,Désintégrateur,Tir dispersé,Chaque tir inflige 1000 dégâts supplémentaires au blindage sur 10 secondes. Ces dégâts ne sont pas réduits par le blindage.,,
riftcascade,Émetteur de Cascade de Faille,,"Crée des failles spatio-temporelles à l'impact. Davantage de failles se forment lorsque le faisceau est tiré à courte portée. Chaque faille inflige entre %s et %s dégâts énergétiques aux cibles proches, les failles successives infligeant des dégâts croissants.",,
riftcascade_minelayer,Mouilleur de Mines Cascade de Faille,,,,
vpdriver,Propulseur à Particules Volatiles,,,,
realitydisruptor,Disrupteur de Réalité,,"Le projectile tire des arcs IEM sur les cibles ennemies proches en se déplaçant. Les dégâts affichés correspondent aux arcs IEM ; le projectile lui-même n'inflige pas de dégâts et traverse les vaisseaux. Les réparations d'armes et de moteurs prennent %s plus longtemps pendant %s secondes sur les vaisseaux touchés.",,
amsrm,Lance-SRM à Antimatière,,,,
resonatormrm,Lance-MRM Résonateur,,,,
rifttorpedo,Lance-torpilles de Faille,,,,
swarm_launcher,Lanceur d'Essaim,,"Nécessite le hullmod %s et utilise %s fragments par essaim lancé. Peut contrôler jusqu'à %s essaims simultanément, mais attendra pour lancer de nouveaux essaims que les existants soient épuisés.",Essaim de Fragments|50|4,Cette arme ne peut pas être tirée manuellement et lancera toujours des essaims dès que possible.
seeker_fragment,Fragment Traqueur,,Nécessite le hullmod %s et utilise %s fragments par tir.,Essaim de Fragments|10,
kinetic_fragments,Fragments Cinetiques,,Nécessite le hullmod %s et utilise %s fragments par tir. Les fragments secondaires infligent %s dégâts cinétiques par impact.,Essaim de Fragments|5|100,
unstable_fragment,Fragment Instable,,Nécessite le hullmod %s et utilise %s fragment par tir. Non guidé après une brève phase de visée initiale.,Essaim de Fragments|1,
devouring_swarm,Essaim de Defabrication,,Nécessite le hullmod %s et au moins %s fragments par tir. N'inflige pas de dégâts aux boucliers.,Essaim de Fragments|6|50|pas de dégâts,"Un essaim de fragments attaque la cible, rongeant son blindage et démantèlent la coque une fois exposée, créant de nouveaux fragments qui retournent vers l'essaim du vaisseau lanceur."
voltaic_discharge,Decharge Voltaique,,Nécessite le hullmod %s et au moins %s fragments actifs. Tire une salve d'arcs IEM sur les cibles proches. Les arcs touchent toujours.,Essaim de Fragments|10,
neutron_torpedo,Torpille a Neutrons,,,,
light_mass_driver,Canon de Masse Leger,,,,
heavy_mass_driver,Canon de Masse Lourd,,,,
neoferric_quadcoil,Quadbobine Neoferrique,,,,
voltaic_cannon,Canon Voltaique,,Les impacts sur la coque ou le blindage génèrent un grand nombre d'arcs IEM. Les impacts sur les boucliers ont une chance de générer des arcs IEM pénétrant les boucliers en fonction du niveau de flux solide de la cible.,,
voidblaster,Blaster du Vide,,"Inflige des dégâts %s aux boucliers, bien que ce ne soit pas une arme à faisceau.",,
pseudoparticle_jet,Jet de Pseudoparticules,,,,
assaying_rift,Faille Devorante,,"En cas d'impact sur la coque ou le blindage, soigne l'une des projections du Résident du Voile sur le champ de bataille pour 1000 points.",,"Une propriété mal comprise inhérente à l'espace-temps empêche la formation de plus de 10 failles actives au total pour toutes les armes sur le champ de bataille. Cette limitation ne s'applique pas au Résident du Voile."
rift_lightning,Foudre de Faille,,"Tire un arc IEM sur la cible et ouvre une faille qui inflige des dégâts en zone autour du point d'impact. L'arc peut manquer sa cible selon l'orientation exacte de l'arme, et peut traverser des vaisseaux alliés.",,
rift_lightning_minelayer,Mouilleur de Foudre de Faille,,,,
abyssal_glare,Eclat Abyssal,,"Produit des explosions infligeant jusqu'à 100 points de dégâts énergétiques à toutes les cibles proches, y compris celle touchée par le faisceau.",100 | énergie,
inimical_emanation,Emanation Hostile,,Tire sur la cible la plus proche dans l'axe de l'arme. Peut cibler les vaisseaux en phase. Touche toujours et cible les armes et moteurs des vaisseaux. Les impacts sur la coque ou le blindage font prendre %s plus longtemps aux réparations d'armes et de moteurs pendant %s secondes.,,
vortex_launcher,Locus Tourbillonnant,,"Lance un Vortex du Voile, qui tente de traquer et frapper les cibles proches avant d'exploser, infligeant jusqu'à 2000 points de dégâts énergétiques en zone.",,
interdictorbeam,Rayon d'Interdiction,,,,
canister_flak,Flak à Conteneurs,,,,
flarelauncher1,Lanceur de Leurres 1,,,,
flarelauncher2,Lanceur de Leurres de Diversion,,,,
flarelauncher21,Lanceur de Leurres de Diversion (Simple),,,,
flarelauncher3,Lanceur de Leurres Chercheurs,,,,
motelauncher,Lanceur de Particules,,,,
motelauncher_hf,Lanceur de Particules,,,,
minelayer1,Mouilleur de Mines,,,,
minelayer2,Mouilleur de Mines Lourd,,,,
od_bomblauncher,Lanceur de Bombes Orion,,,,
nb_bomblauncher,Lanceur de Bombes Nova,,,,
tpc,Canon à Impulsion Thermique,,,,
heavy_adjudicator,Adjudicateur Lourd,,"Each shell has a proximity fuse and deals damage over a wide area when it explodes.

Ciblera les missiles si aucune autre cible n'est à portée.",,
terminator_missile,Conversion de Missiles Terminateur,,,,
pusherplate_lt,Plaque de Propulsion (Low Tech),,,,
pusherplate_lt_small,"Plaque de Propulsion (Low Tech, Petit)",,,,
pusherplate_nova,"Plaque de Propulsion (Remnant, Nova)",,,,
sensordish,Antenne de Détection,,,,
lidardish,Antenne Lidar,,,,
novalaser,Laser Nova,,,,
blinker_red,Balise Rouge,,,,
blinker_green,Balise Verte,,,,
lights_buffalo,Feux - Buffalo,,,,
lights_hound,Feux - Hound,,,,
targetinglaser1,Laser de Ciblage - Rouge,,,,
targetinglaser2,Laser de Ciblage - Vert,,,,
targetinglaser3,Laser de Ciblage - Double Rouge Continu,,,,
